protein_id,target
calm-crow-lava,egfr
small-lion-thorn,human-orm2
wild-ant-fern,egfr
green-heron-crystal,nipah-glycoprotein-g
frozen-goat-cypress,egfr
violet-shark-cedar,human-pdgfr-beta
vast-otter-dust,egfr
strong-crow-iron,hnmt
calm-quail-moss,egfr
rough-bison-flint,nipah-glycoprotein-g
vast-boar-granite,egfr
ivory-zebra-ash,nipah-glycoprotein-g
deep-quail-ice,egfr
silver-deer-pearl,nipah-glycoprotein-g
pale-vole-willow,egfr
bright-panda-stone,nipah-glycoprotein-g
mellow-fox-fern,human-tnfa
silver-cobra-quartz,human-orm2
rough-bat-vine,egfr
misty-goat-oak,egfr
crimson-dove-frost,nipah-glycoprotein-g
dark-crow-crystal,egfr
quiet-seal-thorn,nipah-glycoprotein-g
shy-toad-rose,egfr
frozen-falcon-reed,nipah-glycoprotein-g
vast-ant-crystal,il7r
gentle-jaguar-ember,egfr
wild-raven-granite,egfr
vast-eagle-snow,fcrn
hollow-bat-ice,egfr
swift-bat-opal,egfr
rough-raven-cedar,nipah-glycoprotein-g
solid-lion-cloud,human-insulin-receptor
dark-bat-cedar,egfr
silent-zebra-flint,human-insulin-receptor
swift-crane-cedar,egfr
lunar-moth-wave,nipah-glycoprotein-g
rapid-deer-wave,nipah-glycoprotein-g
rough-gecko-plume,nipah-glycoprotein-g
pale-gecko-cypress,nipah-glycoprotein-g
solid-swan-cypress,human-pdgfr-beta
silent-tiger-ice,egfr
scarlet-otter-cypress,human-rfk
strong-ox-granite,nipah-glycoprotein-g
rapid-vole-plume,nipah-glycoprotein-g
noble-mole-frost,nipah-glycoprotein-g
wild-jaguar-crystal,nipah-glycoprotein-g
green-gecko-stone,egfr
golden-gecko-granite,pd-l1
shy-kiwi-fern,egfr
pale-bat-granite,nipah-glycoprotein-g
misty-ram-crystal,egfr
crimson-vole-birch,nipah-glycoprotein-g
steady-mole-iron,human-serum-albumin
frozen-falcon-leaf,egfr
deep-gecko-crystal,human-gm2a
brisk-boar-cloud,mdm2
bright-yak-flint,egfr
vast-bear-dust,egfr
crimson-ibis-iron,human-insulin-receptor
solid-otter-cypress,nipah-glycoprotein-g
frozen-cobra-maple,nipah-glycoprotein-g
azure-eagle-maple,il7r
jade-deer-ember,nipah-glycoprotein-g
swift-otter-bronze,egfr
pale-panda-birch,nipah-glycoprotein-g
small-goat-ice,pd-l1
silent-seal-orchid,nipah-glycoprotein-g
swift-heron-ash,nipah-glycoprotein-g
jade-vole-lotus,egfr
scarlet-otter-ruby,human-insulin-receptor
golden-ant-pine,nipah-glycoprotein-g
crimson-heron-pine,nipah-glycoprotein-g
silent-deer-leaf,egfr
lunar-crane-lava,nipah-glycoprotein-g
calm-moth-birch,nipah-glycoprotein-g
solid-ram-cedar,egfr
crimson-lion-lotus,der21
scarlet-orca-oak,nipah-glycoprotein-g
frozen-hawk-opal,egfr
steady-zebra-oak,der7
scarlet-seal-granite,egfr
shy-heron-lotus,egfr
soft-jaguar-fern,egfr
radiant-mole-quartz,nipah-glycoprotein-g
radiant-toad-birch,egfr
swift-lynx-cloud,egfr
deep-cobra-marble,egfr
green-vole-maple,pd-l1
calm-zebra-birch,nipah-glycoprotein-g
ivory-hawk-snow,egfr
dark-bat-marble,egfr
dark-eagle-onyx,nipah-glycoprotein-g
radiant-gecko-ruby,human-serum-albumin
steady-vole-pearl,egfr
solid-fox-iron,nipah-glycoprotein-g
mellow-ibis-granite,egfr
mellow-ibis-pine,egfr
strong-falcon-ice,nipah-glycoprotein-g
mellow-fox-lava,mdm2
noble-bat-cedar,human-tnfa
brisk-hawk-clay,human-pmvk
green-tiger-reed,egfr
wild-hawk-topaz,egfr
soft-toad-crystal,egfr
amber-heron-pearl,egfr
violet-ant-cypress,fcrn
silent-gecko-vine,nipah-glycoprotein-g
young-mole-opal,egfr
amber-jaguar-flint,human-orm2
silver-bear-ice,human-serum-albumin
pale-zebra-quartz,nipah-glycoprotein-g
silent-shark-sand,nipah-glycoprotein-g
golden-owl-ivy,pd-l1
pale-vole-quartz,nipah-glycoprotein-g
steady-panda-lava,egfr
gentle-mole-willow,egfr
vast-tiger-reed,human-pdgfr-beta
calm-ox-moss,nipah-glycoprotein-g
radiant-dove-willow,nipah-glycoprotein-g
young-boar-ivy,nipah-glycoprotein-g
noble-moth-lava,pd-l1
azure-vole-ice,egfr
quick-seal-clay,egfr
ivory-quail-clay,nipah-glycoprotein-g
scarlet-yak-orchid,human-rfk
rough-cat-quartz,nipah-glycoprotein-g
calm-raven-plume,egfr
small-fox-willow,nipah-glycoprotein-g
small-hawk-pine,egfr
gentle-goat-wave,egfr
ivory-hawk-pine,human-ambp
brisk-otter-ivy,human-idi2
vast-toad-flint,egfr
calm-panda-thorn,egfr
dark-bear-frost,nipah-glycoprotein-g
misty-raven-cedar,egfr
silent-fox-ruby,pd-l1
noble-swan-fern,nipah-glycoprotein-g
mellow-orca-dust,nipah-glycoprotein-g
young-goat-bronze,pd-l1
pale-tiger-pearl,egfr
brisk-bee-moss,human-serum-albumin
small-ram-plume,egfr
deep-ant-iron,egfr
lunar-shark-pine,nipah-glycoprotein-g
amber-ram-thorn,fgf-r1
soft-goat-marble,ifnar2
dark-ibis-ash,nipah-glycoprotein-g
bright-swan-reed,human-pdgfr-beta
brisk-zebra-onyx,nipah-glycoprotein-g
strong-eagle-marble,human-tnfa
silver-bee-bronze,egfr
rough-tiger-ice,egfr
dark-toad-oak,nipah-glycoprotein-g
strong-bee-jade,egfr
radiant-bear-snow,egfr
silent-goat-thorn,egfr
silver-heron-orchid,nipah-glycoprotein-g
radiant-lynx-jade,il7r
gentle-boar-flint,il7r
silent-crane-lotus,egfr
green-ram-onyx,nipah-glycoprotein-g
ivory-lion-leaf,nipah-glycoprotein-g
azure-falcon-jade,egfr
pale-lynx-opal,fcrn
jade-hawk-iron,nipah-glycoprotein-g
ivory-ox-lotus,egfr
misty-cat-willow,nipah-glycoprotein-g
green-fox-fern,nipah-glycoprotein-g
green-bee-thorn,egfr
quick-wolf-dust,egfr
strong-mole-cloud,nipah-glycoprotein-g
quick-falcon-stone,pd-l1
rough-gecko-maple,egfr
pale-deer-vine,human-mzb1-perp1
bright-panther-frost,pd-l1
crimson-bison-granite,human-orm2
lunar-hawk-crystal,il7r
brisk-hawk-ash,il7r
soft-bear-snow,human-insulin-receptor
pale-wolf-oak,nipah-glycoprotein-g
quiet-yak-ice,egfr
gentle-panda-thorn,egfr
vast-eagle-ruby,egfr
jade-ant-maple,egfr
dark-goat-clay,nipah-glycoprotein-g
deep-fox-quartz,nipah-glycoprotein-g
misty-ram-sand,nipah-glycoprotein-g
misty-lion-granite,nipah-glycoprotein-g
ivory-yak-ivy,human-ambp
dark-ibis-oak,nipah-glycoprotein-g
pale-eagle-oak,nipah-glycoprotein-g
jade-deer-frost,egfr
frozen-yak-sand,nipah-glycoprotein-g
mellow-tiger-rose,nipah-glycoprotein-g
wild-gecko-vine,nipah-glycoprotein-g
bright-zebra-crystal,nipah-glycoprotein-g
radiant-wolf-maple,nipah-glycoprotein-g
vast-seal-stone,nipah-glycoprotein-g
dark-panther-wave,nipah-glycoprotein-g
silent-bat-leaf,egfr
noble-jaguar-ash,nipah-glycoprotein-g
lunar-boar-lava,human-serum-albumin
noble-bat-topaz,il7r
noble-kiwi-jade,egfr
soft-raven-frost,egfr
amber-jaguar-ice,egfr
hollow-bison-rose,egfr
solid-jaguar-frost,egfr
small-toad-oak,egfr
noble-eagle-ice,human-rfk
golden-lion-opal,egfr
dark-gecko-birch,egfr
soft-swan-ruby,pd-l1
radiant-shark-birch,human-serum-albumin
soft-otter-willow,il7r
solid-ibis-snow,egfr
wild-quail-moss,nipah-glycoprotein-g
jade-jaguar-marble,der7
young-seal-iron,nipah-glycoprotein-g
young-seal-lotus,egfr
scarlet-boar-quartz,human-serum-albumin
rapid-quail-opal,pd-l1
dark-boar-crystal,nipah-glycoprotein-g
bright-goat-ruby,nipah-glycoprotein-g
hollow-heron-thorn,nipah-glycoprotein-g
solid-raven-onyx,il7r
soft-crane-frost,nipah-glycoprotein-g
pale-ox-crystal,nipah-glycoprotein-g
steady-eagle-oak,human-serum-albumin
shy-cobra-thorn,human-pdgfr-beta
steady-falcon-wave,egfr
noble-gecko-ruby,egfr
violet-mole-ruby,nipah-glycoprotein-g
calm-toad-opal,nipah-glycoprotein-g
hollow-bear-fern,human-gm2a
silver-fox-cypress,nipah-glycoprotein-g
rough-crane-pine,egfr
quiet-orca-jade,nipah-glycoprotein-g
hollow-zebra-thorn,nipah-glycoprotein-g
shy-vole-flint,nipah-glycoprotein-g
swift-yak-thorn,human-phyh
deep-goat-vine,nipah-glycoprotein-g
amber-crane-onyx,egfr
soft-panda-rose,nipah-glycoprotein-g
jade-orca-orchid,human-gm2a
silent-yak-onyx,egfr
silent-otter-jade,nipah-glycoprotein-g
strong-eagle-snow,nipah-glycoprotein-g
green-heron-quartz,ifnar2
quiet-swan-willow,nipah-glycoprotein-g
violet-panda-ash,nipah-glycoprotein-g
pale-toad-willow,der21
scarlet-lion-vine,human-serum-albumin
golden-raven-fern,nipah-glycoprotein-g
scarlet-seal-willow,egfr
hollow-boar-cedar,human-gm2a
young-cat-reed,egfr
rough-bison-maple,human-serum-albumin
deep-toad-oak,egfr
solid-swan-ember,nipah-glycoprotein-g
soft-jaguar-lava,egfr
green-mole-ash,egfr
calm-gecko-quartz,human-pmvk
silent-orca-ember,nipah-glycoprotein-g
crimson-swan-oak,nipah-glycoprotein-g
violet-swan-ash,human-tnfa
hollow-panther-rose,nipah-glycoprotein-g
dark-fox-orchid,human-idi2
pale-mole-stone,nipah-glycoprotein-g
shy-moth-crystal,nipah-glycoprotein-g
small-fox-birch,il7r
young-vole-wave,nipah-glycoprotein-g
gentle-lynx-leaf,egfr
quiet-moth-pearl,egfr
quiet-bison-ice,egfr
soft-ox-lotus,pd-l1
rough-bee-clay,human-phyh
bright-kiwi-lava,mdm2
violet-raven-clay,human-insulin-receptor
frozen-crane-willow,pd-l1
silent-lynx-lotus,nipah-glycoprotein-g
wild-lynx-pearl,nipah-glycoprotein-g
azure-crow-bronze,egfr
hollow-otter-pearl,egfr
rough-panther-bronze,nipah-glycoprotein-g
lunar-mole-fern,nipah-glycoprotein-g
quiet-toad-cedar,nipah-glycoprotein-g
radiant-panther-thorn,human-idi2
scarlet-vole-ice,nipah-glycoprotein-g
strong-bat-rose,mdm2
gentle-bee-stone,human-pmvk
crimson-mole-quartz,pd-l1
radiant-falcon-pine,human-phyh
frozen-mole-lava,nipah-glycoprotein-g
green-cobra-bronze,nipah-glycoprotein-g
strong-quail-ember,nipah-glycoprotein-g
violet-bear-plume,nipah-glycoprotein-g
mellow-lynx-crystal,egfr
azure-yak-bronze,der21
mellow-tiger-lotus,egfr
mellow-jaguar-ember,egfr
brisk-ram-vine,egfr
strong-toad-dust,nipah-glycoprotein-g
noble-moth-cypress,nipah-glycoprotein-g
green-quail-lotus,egfr
misty-ant-iron,il7r
silent-zebra-onyx,human-idi2
steady-bison-oak,egfr
rapid-ibis-ember,spcas9
crimson-quail-cypress,human-pdgfr-beta
swift-hawk-stone,egfr
hollow-boar-dust,human-gm2a
small-raven-cedar,egfr
misty-gecko-snow,nipah-glycoprotein-g
hollow-cobra-orchid,hnmt
calm-lynx-dust,pd-l1
quick-ox-vine,nipah-glycoprotein-g
quiet-heron-rose,nipah-glycoprotein-g
steady-eagle-ice,nipah-glycoprotein-g
jade-ant-orchid,nipah-glycoprotein-g
azure-mole-vine,nipah-glycoprotein-g
frozen-fox-birch,nipah-glycoprotein-g
steady-lynx-quartz,human-tnfa
amber-goat-onyx,fgf-r1
pale-orca-lava,human-mzb1-perp1
wild-owl-crystal,spcas9
crimson-gecko-pine,nipah-glycoprotein-g
gentle-panda-leaf,egfr
quick-otter-wave,nipah-glycoprotein-g
golden-dove-snow,egfr
golden-swan-wave,human-serum-albumin
noble-toad-reed,nipah-glycoprotein-g
frozen-raven-lava,nipah-glycoprotein-g
soft-cat-topaz,egfr
azure-moth-ice,egfr
bright-kiwi-lotus,egfr
silent-crow-iron,egfr
ivory-boar-wave,nipah-glycoprotein-g
crimson-mole-plume,egfr
rapid-ibis-granite,nipah-glycoprotein-g
noble-cobra-pearl,nipah-glycoprotein-g
calm-moth-maple,pd-l1
dark-ibis-pine,egfr
strong-deer-fern,spcas9
soft-dove-cedar,nipah-glycoprotein-g
swift-ibis-sand,nipah-glycoprotein-g
deep-falcon-stone,egfr
young-cobra-plume,ifnar2
mellow-toad-marble,human-phyh
misty-vole-sand,nipah-glycoprotein-g
steady-seal-granite,egfr
silver-cat-topaz,hnmt
swift-ox-dust,nipah-glycoprotein-g
swift-crane-topaz,nipah-glycoprotein-g
small-cat-opal,egfr
gentle-toad-oak,ifnar2
vast-lion-cedar,egfr
gentle-yak-clay,egfr
solid-vole-frost,nipah-glycoprotein-g
ivory-orca-fern,human-serum-albumin
ivory-ram-maple,nipah-glycoprotein-g
silver-zebra-lotus,human-mzb1-perp1
strong-dove-dust,egfr
wild-dove-oak,pd-l1
brisk-crow-sand,egfr
steady-yak-pine,nipah-glycoprotein-g
frozen-panda-maple,il7r
rough-deer-rose,nipah-glycoprotein-g
soft-bison-onyx,nipah-glycoprotein-g
bright-eagle-thorn,human-ambp
wild-falcon-birch,nipah-glycoprotein-g
wild-lynx-cypress,human-pmvk
swift-jaguar-granite,der21
young-heron-ice,nipah-glycoprotein-g
young-tiger-granite,nipah-glycoprotein-g
misty-panda-plume,human-mzb1-perp1
misty-zebra-ember,nipah-glycoprotein-g
pale-crow-pearl,nipah-glycoprotein-g
rough-ox-opal,nipah-glycoprotein-g
azure-lion-willow,human-serum-albumin
pale-wolf-flint,ifnar2
misty-panda-clay,human-rfk
vast-ibis-cypress,nipah-glycoprotein-g
shy-ibis-onyx,egfr
jade-mole-willow,nipah-glycoprotein-g
hollow-jaguar-bronze,nipah-glycoprotein-g
amber-boar-clay,der7
lunar-lynx-plume,nipah-glycoprotein-g
violet-otter-frost,nipah-glycoprotein-g
calm-heron-ruby,egfr
jade-seal-cypress,egfr
steady-fox-cloud,nipah-glycoprotein-g
steady-cobra-bronze,nipah-glycoprotein-g
jade-bee-fern,egfr
swift-orca-iron,egfr
radiant-cat-oak,egfr
radiant-shark-iron,fgf-r1
noble-owl-pine,nipah-glycoprotein-g
soft-yak-oak,nipah-glycoprotein-g
young-crane-granite,human-serum-albumin
violet-panther-maple,egfr
steady-ant-dust,nipah-glycoprotein-g
lunar-panther-pine,human-pmvk
young-yak-onyx,human-orm2
ivory-bat-ice,egfr
hollow-crane-dust,egfr
scarlet-boar-quartz,nipah-glycoprotein-g
steady-swan-moss,nipah-glycoprotein-g
soft-zebra-jade,il7r
young-seal-maple,egfr
swift-otter-topaz,nipah-glycoprotein-g
shy-shark-willow,human-tnfa
crimson-vole-orchid,egfr
dark-crow-leaf,egfr
violet-deer-leaf,egfr
amber-zebra-leaf,egfr
small-fox-ruby,spcas9
quick-zebra-vine,human-gm2a
soft-boar-dust,egfr
pale-ant-ice,nipah-glycoprotein-g
radiant-swan-clay,egfr
young-moth-jade,egfr
ivory-cobra-cloud,human-mzb1-perp1
mellow-ox-jade,il7r
young-quail-clay,nipah-glycoprotein-g
ivory-moth-plume,egfr
soft-cat-vine,nipah-glycoprotein-g
violet-shark-wave,egfr
noble-owl-clay,nipah-glycoprotein-g
misty-ox-granite,nipah-glycoprotein-g
solid-bear-marble,nipah-glycoprotein-g
bright-shark-quartz,egfr
silver-toad-rose,egfr
scarlet-cat-onyx,pd-l1
quick-kiwi-marble,mdm2
noble-crow-fern,nipah-glycoprotein-g
quiet-panther-frost,fcrn
rapid-boar-snow,egfr
vast-cat-ruby,egfr
solid-mole-quartz,nipah-glycoprotein-g
mellow-toad-jade,nipah-glycoprotein-g
lunar-jaguar-thorn,il7r
radiant-swan-birch,der21
brisk-orca-flint,nipah-glycoprotein-g
solid-crane-fern,der7
lunar-panther-wave,mdm2
vast-shark-frost,egfr
bright-panda-ruby,nipah-glycoprotein-g
bright-tiger-crystal,nipah-glycoprotein-g
crimson-kiwi-ice,nipah-glycoprotein-g
soft-swan-moss,egfr
ivory-orca-ice,egfr
brisk-goat-bronze,nipah-glycoprotein-g
calm-cat-onyx,egfr
rough-yak-clay,egfr
noble-boar-ivy,egfr
ivory-panther-fern,human-pmvk
golden-cat-lava,pd-l1
noble-zebra-ash,fgf-r1
scarlet-lynx-dust,egfr
radiant-cobra-wave,nipah-glycoprotein-g
rapid-ant-onyx,pd-l1
scarlet-bear-lotus,il7r
scarlet-dove-crystal,egfr
lunar-dove-moss,egfr
steady-boar-stone,egfr
hollow-heron-ice,nipah-glycoprotein-g
strong-toad-ivy,egfr
dark-lynx-thorn,egfr
silent-quail-bronze,human-idi2
young-bear-cypress,il7r
small-lion-marble,egfr
calm-falcon-ivy,nipah-glycoprotein-g
violet-zebra-cloud,nipah-glycoprotein-g
rapid-mole-sand,nipah-glycoprotein-g
noble-bear-fern,egfr
shy-otter-jade,nipah-glycoprotein-g
silent-cat-topaz,egfr
quiet-ram-dust,nipah-glycoprotein-g
golden-heron-quartz,pd-l1
azure-lion-willow,nipah-glycoprotein-g
ivory-falcon-topaz,human-orm2
calm-orca-lava,nipah-glycoprotein-g
silver-yak-leaf,human-idi2
swift-panther-sand,nipah-glycoprotein-g
small-goat-stone,human-serum-albumin
noble-zebra-crystal,nipah-glycoprotein-g
swift-lynx-orchid,egfr
misty-quail-maple,nipah-glycoprotein-g
small-crow-oak,egfr
gentle-crow-fern,human-mzb1-perp1
frozen-raven-maple,nipah-glycoprotein-g
lunar-vole-ash,egfr
scarlet-swan-quartz,nipah-glycoprotein-g
hollow-panther-ember,egfr
silver-wolf-pine,egfr
amber-cobra-lotus,fgf-r1
quick-boar-wave,egfr
radiant-eagle-lotus,nipah-glycoprotein-g
jade-zebra-fern,egfr
swift-cobra-birch,fgf-r1
quiet-bat-opal,human-pmvk
dark-bee-pearl,nipah-glycoprotein-g
pale-bison-orchid,egfr
solid-deer-opal,human-idi2
wild-tiger-clay,egfr
jade-panda-willow,nipah-glycoprotein-g
quick-falcon-jade,nipah-glycoprotein-g
young-cat-rose,egfr
rapid-goat-ice,egfr
rapid-lion-stone,egfr
vast-lion-frost,nipah-glycoprotein-g
swift-shark-pine,nipah-glycoprotein-g
silent-hawk-wave,nipah-glycoprotein-g
solid-falcon-thorn,il7r
noble-dove-pine,egfr
small-goat-ice,il7r
crimson-bear-willow,egfr
silent-otter-moss,spcas9
violet-ram-iron,hnmt
misty-owl-quartz,human-idi2
silent-dove-onyx,nipah-glycoprotein-g
misty-dove-flint,nipah-glycoprotein-g
dark-deer-willow,nipah-glycoprotein-g
misty-cat-stone,pd-l1
azure-bear-oak,il7r
young-zebra-leaf,nipah-glycoprotein-g
bright-wolf-ember,nipah-glycoprotein-g
rough-hawk-dust,human-tnfa
lunar-lynx-rose,human-serum-albumin
brisk-swan-granite,nipah-glycoprotein-g
noble-swan-fern,human-serum-albumin
soft-ram-ice,il7r
frozen-ant-cypress,egfr
azure-crane-dust,nipah-glycoprotein-g
vast-owl-moss,nipah-glycoprotein-g
mellow-heron-onyx,nipah-glycoprotein-g
lunar-panther-cloud,human-idi2
rapid-ox-vine,egfr
pale-panther-plume,human-idi2
steady-bear-cedar,egfr
noble-toad-bronze,human-serum-albumin
strong-cobra-iron,il7r
vast-ibis-topaz,nipah-glycoprotein-g
pale-seal-pearl,human-insulin-receptor
azure-jaguar-moss,egfr
green-wolf-quartz,egfr
azure-tiger-pine,egfr
brisk-moth-opal,egfr
strong-deer-ruby,egfr
misty-falcon-onyx,egfr
quick-bee-ruby,egfr
deep-crow-wave,egfr
crimson-toad-pearl,nipah-glycoprotein-g
scarlet-tiger-ember,nipah-glycoprotein-g
steady-heron-oak,nipah-glycoprotein-g
crimson-falcon-pine,egfr
swift-toad-fern,nipah-glycoprotein-g
ivory-goat-clay,nipah-glycoprotein-g
steady-bison-cypress,nipah-glycoprotein-g
bright-ram-ember,nipah-glycoprotein-g
bright-cat-onyx,human-rfk
silver-fox-oak,nipah-glycoprotein-g
bright-fox-cypress,nipah-glycoprotein-g
crimson-fox-thorn,egfr
quiet-heron-cypress,human-rfk
radiant-orca-cypress,egfr
soft-bison-ember,il7r
vast-falcon-thorn,human-mzb1-perp1
ivory-heron-thorn,egfr
misty-zebra-rose,nipah-glycoprotein-g
radiant-zebra-opal,nipah-glycoprotein-g
calm-ram-rose,egfr
quick-quail-pine,nipah-glycoprotein-g
swift-ibis-cypress,nipah-glycoprotein-g
soft-crow-dust,nipah-glycoprotein-g
frozen-lynx-vine,nipah-glycoprotein-g
quick-toad-jade,nipah-glycoprotein-g
bright-falcon-granite,human-pdgfr-beta
frozen-falcon-rose,nipah-glycoprotein-g
noble-ant-crystal,egfr
crimson-crane-stone,nipah-glycoprotein-g
amber-owl-iron,nipah-glycoprotein-g
deep-mole-ruby,nipah-glycoprotein-g
noble-owl-birch,egfr
radiant-otter-opal,nipah-glycoprotein-g
strong-zebra-thorn,nipah-glycoprotein-g
quick-toad-ivy,nipah-glycoprotein-g
brisk-ram-clay,egfr
small-swan-ember,human-mzb1-perp1
bright-wolf-sand,pd-l1
azure-zebra-topaz,pd-l1
frozen-boar-ash,egfr
ivory-jaguar-bronze,human-orm2
wild-tiger-cedar,pd-l1
calm-ram-clay,nipah-glycoprotein-g
radiant-hawk-ruby,human-pmvk
strong-panda-orchid,nipah-glycoprotein-g
ivory-bear-willow,egfr
deep-bear-marble,human-mzb1-perp1
quiet-hawk-maple,nipah-glycoprotein-g
swift-cobra-fern,nipah-glycoprotein-g
dark-ibis-vine,human-serum-albumin
rapid-hawk-ember,der7
rough-ant-snow,egfr
pale-cat-plume,human-serum-albumin
deep-raven-frost,nipah-glycoprotein-g
vast-ox-pine,human-serum-albumin
dark-moth-ember,egfr
vast-crow-clay,nipah-glycoprotein-g
strong-gecko-snow,der21
dark-lynx-lotus,egfr
jade-crane-moss,mdm2
small-orca-plume,nipah-glycoprotein-g
shy-vole-dust,nipah-glycoprotein-g
silver-owl-iron,egfr
ivory-heron-opal,human-mzb1-perp1
strong-falcon-plume,egfr
frozen-zebra-stone,human-pdgfr-beta
quick-mole-snow,nipah-glycoprotein-g
crimson-ibis-oak,human-insulin-receptor
lunar-moth-oak,egfr
quiet-swan-pine,nipah-glycoprotein-g
hollow-quail-frost,nipah-glycoprotein-g
radiant-panda-flint,nipah-glycoprotein-g
deep-kiwi-rose,nipah-glycoprotein-g
mellow-crane-orchid,spcas9
soft-bee-vine,mdm2
strong-panda-lava,egfr
violet-yak-dust,egfr
steady-ant-bronze,egfr
azure-eagle-thorn,egfr
jade-falcon-granite,nipah-glycoprotein-g
golden-kiwi-ivy,nipah-glycoprotein-g
rapid-wolf-willow,nipah-glycoprotein-g
crimson-seal-cedar,nipah-glycoprotein-g
dark-toad-ash,nipah-glycoprotein-g
azure-cat-cypress,nipah-glycoprotein-g
vast-crow-cloud,egfr
calm-raven-willow,nipah-glycoprotein-g
mellow-goat-ruby,nipah-glycoprotein-g
green-vole-quartz,human-serum-albumin
radiant-ant-flint,spcas9
green-heron-flint,human-mzb1-perp1
pale-hawk-opal,nipah-glycoprotein-g
shy-moth-vine,human-tnfa
bright-lion-crystal,egfr
soft-ox-plume,fcrn
vast-otter-cloud,nipah-glycoprotein-g
scarlet-toad-iron,nipah-glycoprotein-g
frozen-ibis-ash,nipah-glycoprotein-g
radiant-wolf-fern,human-idi2
calm-goat-jade,nipah-glycoprotein-g
radiant-vole-sand,nipah-glycoprotein-g
noble-tiger-ember,human-pdgfr-beta
ivory-hawk-clay,human-pdgfr-beta
radiant-gecko-ruby,nipah-glycoprotein-g
soft-cat-maple,pd-l1
violet-zebra-willow,nipah-glycoprotein-g
silent-swan-jade,human-serum-albumin
vast-shark-birch,egfr
quiet-mole-ruby,nipah-glycoprotein-g
ivory-mole-jade,human-pmvk
hollow-tiger-granite,egfr
shy-eagle-fern,nipah-glycoprotein-g
solid-wolf-iron,fcrn
silent-cobra-thorn,hnmt
violet-lion-iron,nipah-glycoprotein-g
dark-orca-topaz,nipah-glycoprotein-g
steady-zebra-onyx,nipah-glycoprotein-g
pale-wolf-maple,human-serum-albumin
crimson-ram-pearl,nipah-glycoprotein-g
steady-falcon-rose,egfr
violet-heron-rose,egfr
radiant-zebra-frost,nipah-glycoprotein-g
calm-bee-dust,nipah-glycoprotein-g
swift-crane-granite,nipah-glycoprotein-g
frozen-bison-pine,fgf-r1
golden-crane-granite,egfr
silver-heron-cedar,ifnar2
frozen-yak-granite,nipah-glycoprotein-g
young-hawk-pearl,egfr
solid-boar-ivy,nipah-glycoprotein-g
wild-mole-vine,human-mzb1-perp1
amber-boar-reed,nipah-glycoprotein-g
crimson-panther-wave,nipah-glycoprotein-g
mellow-shark-ruby,egfr
steady-yak-frost,egfr
misty-cat-iron,egfr
scarlet-tiger-thorn,human-ambp
soft-vole-maple,nipah-glycoprotein-g
calm-cobra-stone,nipah-glycoprotein-g
ivory-gecko-snow,egfr
jade-shark-lotus,nipah-glycoprotein-g
frozen-hawk-lava,human-pmvk
hollow-bat-ember,human-pdgfr-beta
green-otter-stone,human-idi2
strong-boar-iron,human-gm2a
violet-zebra-wave,human-gm2a
violet-bear-dust,nipah-glycoprotein-g
bright-deer-birch,human-pdgfr-beta
gentle-raven-marble,il7r
jade-cat-cloud,nipah-glycoprotein-g
azure-crow-cypress,nipah-glycoprotein-g
dark-panther-jade,human-gm2a
golden-bear-lava,nipah-glycoprotein-g
noble-hawk-jade,egfr
noble-panther-stone,egfr
shy-ibis-stone,human-serum-albumin
frozen-toad-snow,egfr
swift-panther-quartz,egfr
amber-ibis-clay,egfr
shy-crow-ice,spcas9
silent-dove-maple,il7r
gentle-mole-flint,egfr
soft-moth-frost,der7
dark-lion-opal,nipah-glycoprotein-g
quiet-fox-sand,il7r
pale-bat-ivy,nipah-glycoprotein-g
pale-swan-lava,human-ambp
hollow-cobra-marble,nipah-glycoprotein-g
rapid-lion-reed,nipah-glycoprotein-g
swift-wolf-frost,egfr
silver-mole-maple,human-ambp
young-tiger-frost,human-insulin-receptor
misty-shark-cloud,mdm2
jade-otter-jade,egfr
violet-bison-ember,nipah-glycoprotein-g
solid-gecko-cloud,egfr
azure-ram-clay,nipah-glycoprotein-g
wild-jaguar-opal,hnmt
crimson-crow-ember,egfr
calm-fox-leaf,egfr
ivory-shark-jade,nipah-glycoprotein-g
scarlet-cat-clay,human-serum-albumin
rough-vole-thorn,egfr
steady-ant-onyx,human-orm2
vast-jaguar-bronze,nipah-glycoprotein-g
golden-bison-clay,egfr
quick-raven-ash,mdm2
solid-orca-pearl,nipah-glycoprotein-g
jade-eagle-lava,ifnar2
amber-ox-plume,nipah-glycoprotein-g
wild-quail-fern,ifnar2
young-mole-frost,nipah-glycoprotein-g
crimson-ant-clay,egfr
golden-mole-birch,egfr
golden-crane-orchid,nipah-glycoprotein-g
hollow-fox-thorn,der21
solid-ox-clay,egfr
steady-ram-lotus,egfr
strong-ant-wave,nipah-glycoprotein-g
brisk-cobra-maple,nipah-glycoprotein-g
frozen-dove-ivy,nipah-glycoprotein-g
misty-panda-cloud,nipah-glycoprotein-g
steady-heron-orchid,fcrn
golden-quail-crystal,nipah-glycoprotein-g
green-ibis-snow,egfr
golden-tiger-ice,egfr
solid-ram-wave,il7r
pale-hawk-bronze,nipah-glycoprotein-g
small-panther-lava,nipah-glycoprotein-g
violet-lynx-reed,human-serum-albumin
rapid-goat-quartz,egfr
crimson-falcon-ivy,nipah-glycoprotein-g
small-raven-ruby,human-insulin-receptor
jade-falcon-moss,nipah-glycoprotein-g
misty-zebra-stone,human-pdgfr-beta
hollow-goat-jade,egfr
brisk-ram-crystal,egfr
small-swan-birch,nipah-glycoprotein-g
steady-bison-jade,human-orm2
radiant-moth-cypress,human-ambp
solid-ram-iron,egfr
dark-falcon-cedar,il7r
frozen-orca-ruby,nipah-glycoprotein-g
hollow-ibis-jade,nipah-glycoprotein-g
wild-shark-thorn,nipah-glycoprotein-g
bright-cobra-moss,egfr
pale-ibis-granite,egfr
brisk-panther-vine,human-pdgfr-beta
quiet-eagle-maple,egfr
quiet-tiger-thorn,hnmt
dark-dove-marble,human-insulin-receptor
golden-fox-marble,human-serum-albumin
vast-goat-lotus,nipah-glycoprotein-g
swift-fox-lotus,fcrn
misty-panda-snow,nipah-glycoprotein-g
crimson-eagle-oak,human-pmvk
swift-yak-frost,human-orm2
crimson-yak-marble,egfr
golden-swan-wave,nipah-glycoprotein-g
lunar-goat-cloud,egfr
rapid-cat-plume,human-serum-albumin
jade-lynx-cedar,nipah-glycoprotein-g
ivory-jaguar-granite,nipah-glycoprotein-g
silent-ram-quartz,nipah-glycoprotein-g
shy-lion-ice,egfr
crimson-lynx-ice,nipah-glycoprotein-g
mellow-mole-ivy,human-insulin-receptor
noble-panda-frost,egfr
silent-deer-vine,nipah-glycoprotein-g
silver-heron-pine,nipah-glycoprotein-g
wild-yak-lava,nipah-glycoprotein-g
golden-jaguar-thorn,nipah-glycoprotein-g
ivory-bison-sand,human-gm2a
rough-boar-oak,egfr
lunar-yak-flint,fgf-r1
soft-quail-vine,nipah-glycoprotein-g
strong-boar-leaf,nipah-glycoprotein-g
brisk-mole-granite,nipah-glycoprotein-g
frozen-orca-bronze,ifnar2
shy-moth-ash,nipah-glycoprotein-g
silver-orca-bronze,egfr
amber-yak-willow,egfr
bright-bear-reed,nipah-glycoprotein-g
noble-crane-quartz,nipah-glycoprotein-g
ivory-shark-ivy,nipah-glycoprotein-g
crimson-bee-wave,fcrn
small-fox-pearl,egfr
violet-orca-pine,nipah-glycoprotein-g
ivory-swan-ivy,hnmt
dark-ant-birch,human-ambp
quiet-panther-cloud,egfr
misty-deer-lotus,nipah-glycoprotein-g
rapid-bison-stone,egfr
quiet-crow-iron,human-rfk
pale-bee-oak,human-pmvk
bright-ox-ruby,spcas9
scarlet-otter-fern,nipah-glycoprotein-g
hollow-moth-frost,nipah-glycoprotein-g
strong-hawk-fern,egfr
swift-ibis-sand,human-serum-albumin
mellow-falcon-reed,egfr
misty-boar-onyx,nipah-glycoprotein-g
dark-bat-quartz,nipah-glycoprotein-g
wild-jaguar-marble,egfr
brisk-kiwi-snow,nipah-glycoprotein-g
steady-seal-flint,egfr
jade-cobra-fern,nipah-glycoprotein-g
vast-panda-fern,human-idi2
amber-crow-willow,nipah-glycoprotein-g
jade-cobra-thorn,nipah-glycoprotein-g
steady-crane-cloud,egfr
wild-cat-plume,human-mzb1-perp1
ivory-orca-ivy,human-serum-albumin
rough-lion-opal,fgf-r1
amber-boar-lava,der7
ivory-crane-flint,egfr
misty-yak-quartz,human-orm2
shy-shark-ember,egfr
hollow-bear-cloud,nipah-glycoprotein-g
rapid-swan-leaf,nipah-glycoprotein-g
bright-bear-opal,pd-l1
quick-boar-ruby,il7r
misty-lynx-maple,egfr
amber-heron-plume,il7r
brisk-dove-cedar,nipah-glycoprotein-g
calm-shark-birch,egfr
calm-crane-clay,nipah-glycoprotein-g
deep-shark-iron,nipah-glycoprotein-g
misty-fox-fern,egfr
deep-shark-cedar,der7
scarlet-moth-opal,egfr
lunar-deer-bronze,nipah-glycoprotein-g
strong-zebra-moss,egfr
amber-shark-marble,nipah-glycoprotein-g
misty-cobra-crystal,nipah-glycoprotein-g
golden-goat-fern,egfr
deep-zebra-lava,der21
ivory-quail-ash,egfr
noble-fox-maple,egfr
vast-cat-leaf,nipah-glycoprotein-g
lunar-jaguar-moss,nipah-glycoprotein-g
bright-yak-pine,nipah-glycoprotein-g
ivory-seal-dust,pd-l1
mellow-cat-birch,egfr
shy-shark-pine,il7r
soft-ox-clay,nipah-glycoprotein-g
soft-zebra-wave,egfr
swift-tiger-rose,nipah-glycoprotein-g
deep-lynx-thorn,egfr
lunar-tiger-ivy,egfr
golden-dove-fern,nipah-glycoprotein-g
calm-lynx-oak,human-orm2
dark-lion-jade,egfr
brisk-fox-clay,nipah-glycoprotein-g
mellow-zebra-moss,nipah-glycoprotein-g
shy-tiger-dust,egfr
lunar-seal-ruby,human-phyh
pale-crow-ruby,egfr
jade-dove-quartz,pd-l1
quick-vole-sand,human-insulin-receptor
scarlet-raven-snow,fgf-r1
strong-boar-rose,egfr
soft-bear-iron,nipah-glycoprotein-g
frozen-gecko-leaf,human-serum-albumin
rapid-cat-thorn,nipah-glycoprotein-g
steady-bee-frost,egfr
dark-quail-ice,egfr
rough-seal-reed,egfr
green-vole-quartz,nipah-glycoprotein-g
misty-hawk-moss,nipah-glycoprotein-g
rapid-crow-quartz,egfr
calm-bat-vine,egfr
calm-moth-lava,il7r
strong-dove-ember,egfr
vast-crow-leaf,nipah-glycoprotein-g
vast-ibis-stone,egfr
golden-crow-ivy,nipah-glycoprotein-g
ivory-bee-birch,nipah-glycoprotein-g
bright-gecko-orchid,hnmt
soft-cat-thorn,egfr
brisk-tiger-plume,human-mzb1-perp1
silver-raven-moss,nipah-glycoprotein-g
soft-cobra-wave,nipah-glycoprotein-g
rough-ibis-orchid,nipah-glycoprotein-g
bright-ram-jade,nipah-glycoprotein-g
frozen-tiger-ice,egfr
misty-gecko-clay,human-tnfa
radiant-panda-wave,egfr
quiet-raven-clay,nipah-glycoprotein-g
jade-jaguar-clay,pd-l1
amber-lion-frost,egfr
green-kiwi-ruby,egfr
quick-deer-thorn,human-gm2a
quiet-otter-bronze,nipah-glycoprotein-g
noble-otter-opal,nipah-glycoprotein-g
green-raven-quartz,nipah-glycoprotein-g
bright-raven-leaf,nipah-glycoprotein-g
strong-bat-marble,egfr
noble-falcon-bronze,nipah-glycoprotein-g
golden-seal-clay,egfr
bright-falcon-maple,nipah-glycoprotein-g
amber-falcon-pearl,nipah-glycoprotein-g
radiant-bee-iron,nipah-glycoprotein-g
rough-jaguar-willow,human-pdgfr-beta
small-moth-lotus,nipah-glycoprotein-g
young-otter-lotus,egfr
swift-kiwi-vine,nipah-glycoprotein-g
frozen-fox-granite,pd-l1
crimson-wolf-ruby,nipah-glycoprotein-g
small-fox-onyx,il7r
vast-wolf-jade,nipah-glycoprotein-g
quick-hawk-topaz,egfr
amber-eagle-ember,nipah-glycoprotein-g
mellow-bat-willow,nipah-glycoprotein-g
azure-swan-ice,egfr
strong-ant-thorn,nipah-glycoprotein-g
misty-ox-granite,human-serum-albumin
wild-wolf-opal,hnmt
ivory-orca-marble,nipah-glycoprotein-g
hollow-crane-granite,egfr
shy-bison-sand,nipah-glycoprotein-g
deep-crane-ruby,nipah-glycoprotein-g
radiant-panda-rose,nipah-glycoprotein-g
hollow-bear-moss,egfr
wild-boar-dust,der7
young-otter-willow,egfr
quick-mole-oak,egfr
small-cobra-marble,nipah-glycoprotein-g
mellow-cobra-thorn,hnmt
steady-falcon-orchid,nipah-glycoprotein-g
dark-ibis-topaz,nipah-glycoprotein-g
silent-eagle-lava,egfr
jade-bear-willow,nipah-glycoprotein-g
shy-shark-moss,human-pdgfr-beta
silent-wolf-opal,egfr
dark-bison-ice,egfr
azure-ibis-pearl,nipah-glycoprotein-g
dark-ibis-wave,nipah-glycoprotein-g
rough-shark-fern,egfr
shy-deer-pine,human-insulin-receptor
silent-bee-maple,egfr
azure-orca-dust,nipah-glycoprotein-g
rough-eagle-thorn,pd-l1
soft-ant-ember,nipah-glycoprotein-g
ivory-orca-ivy,nipah-glycoprotein-g
calm-owl-bronze,human-gm2a
calm-bee-plume,nipah-glycoprotein-g
vast-quail-cypress,egfr
shy-falcon-opal,il7r
pale-bat-frost,nipah-glycoprotein-g
calm-shark-granite,nipah-glycoprotein-g
rough-tiger-snow,nipah-glycoprotein-g
deep-boar-frost,human-phyh
hollow-shark-ruby,nipah-glycoprotein-g
quick-yak-sand,pd-l1
green-shark-opal,human-pmvk
misty-goat-stone,human-gm2a
swift-panda-plume,human-insulin-receptor
small-mole-rose,egfr
swift-toad-stone,nipah-glycoprotein-g
quiet-deer-oak,nipah-glycoprotein-g
silent-yak-frost,egfr
rough-panther-granite,human-insulin-receptor
young-boar-rose,egfr
vast-ox-pine,nipah-glycoprotein-g
pale-crow-ash,nipah-glycoprotein-g
radiant-mole-wave,nipah-glycoprotein-g
violet-ram-stone,der7
quick-lion-rose,nipah-glycoprotein-g
brisk-fox-pine,nipah-glycoprotein-g
small-crow-orchid,egfr
radiant-swan-ember,human-pdgfr-beta
frozen-jaguar-onyx,nipah-glycoprotein-g
strong-yak-cloud,mdm2
solid-boar-wave,mdm2
swift-jaguar-clay,nipah-glycoprotein-g
mellow-ant-cloud,human-insulin-receptor
violet-ibis-reed,nipah-glycoprotein-g
wild-swan-moss,egfr
quiet-raven-crystal,human-rfk
azure-wolf-maple,nipah-glycoprotein-g
golden-kiwi-sand,egfr
young-ram-rose,nipah-glycoprotein-g
young-owl-cloud,egfr
green-fox-maple,egfr
calm-ram-onyx,egfr
ivory-panda-fern,nipah-glycoprotein-g
silver-kiwi-reed,nipah-glycoprotein-g
golden-wolf-topaz,nipah-glycoprotein-g
quick-crow-flint,nipah-glycoprotein-g
quiet-fox-clay,nipah-glycoprotein-g
calm-panther-vine,egfr
frozen-cobra-moss,il7r
deep-ram-cedar,egfr
quiet-gecko-frost,human-mzb1-perp1
wild-vole-granite,nipah-glycoprotein-g
frozen-bison-cypress,human-idi2
jade-owl-iron,nipah-glycoprotein-g
solid-bear-ruby,nipah-glycoprotein-g
pale-cobra-iron,nipah-glycoprotein-g
mellow-ibis-flint,il7r
mellow-lynx-moss,nipah-glycoprotein-g
silver-bee-leaf,human-serum-albumin
steady-hawk-ember,nipah-glycoprotein-g
scarlet-orca-marble,nipah-glycoprotein-g
ivory-eagle-snow,human-ambp
swift-dove-opal,egfr
deep-mole-ruby,human-serum-albumin
jade-bear-opal,il7r
dark-vole-cypress,nipah-glycoprotein-g
lunar-quail-dust,nipah-glycoprotein-g
azure-ox-onyx,nipah-glycoprotein-g
quiet-yak-jade,nipah-glycoprotein-g
quiet-wolf-ember,nipah-glycoprotein-g
radiant-zebra-reed,egfr
green-bat-pearl,egfr
small-ram-ash,egfr
crimson-crow-stone,nipah-glycoprotein-g
strong-goat-ivy,nipah-glycoprotein-g
calm-bison-lava,human-ambp
calm-bat-pine,egfr
rough-panther-moss,nipah-glycoprotein-g
strong-heron-wave,il7r
silver-crane-lava,nipah-glycoprotein-g
shy-swan-stone,nipah-glycoprotein-g
bright-moth-stone,nipah-glycoprotein-g
crimson-vole-leaf,egfr
rapid-jaguar-willow,nipah-glycoprotein-g
steady-cobra-granite,egfr
quiet-shark-frost,nipah-glycoprotein-g
bright-swan-lotus,il7r
wild-dove-moss,nipah-glycoprotein-g
noble-gecko-marble,human-serum-albumin
noble-cat-pearl,human-serum-albumin
quiet-crane-lava,nipah-glycoprotein-g
ivory-zebra-thorn,human-rfk
dark-ant-ruby,egfr
wild-falcon-ruby,egfr
vast-goat-topaz,egfr
golden-cat-lava,il7r
silent-zebra-plume,nipah-glycoprotein-g
gentle-bison-marble,nipah-glycoprotein-g
young-swan-jade,nipah-glycoprotein-g
silent-shark-dust,human-mzb1-perp1
crimson-heron-snow,nipah-glycoprotein-g
soft-shark-pearl,nipah-glycoprotein-g
pale-swan-willow,nipah-glycoprotein-g
crimson-crow-cloud,nipah-glycoprotein-g
dark-lion-vine,egfr
dark-otter-sand,human-ambp
ivory-fox-ruby,nipah-glycoprotein-g
swift-cobra-plume,nipah-glycoprotein-g
radiant-bat-ruby,il7r
wild-lion-snow,egfr
scarlet-yak-ash,nipah-glycoprotein-g
deep-quail-crystal,nipah-glycoprotein-g
dark-tiger-opal,egfr
azure-bison-plume,egfr
swift-panther-crystal,human-pdgfr-beta
wild-mole-oak,egfr
wild-heron-snow,nipah-glycoprotein-g
golden-zebra-bronze,human-pdgfr-beta
steady-goat-ruby,nipah-glycoprotein-g
ivory-deer-clay,nipah-glycoprotein-g
crimson-otter-sand,nipah-glycoprotein-g
rapid-kiwi-thorn,egfr
mellow-moth-lotus,nipah-glycoprotein-g
noble-raven-leaf,egfr
mellow-bee-lotus,nipah-glycoprotein-g
shy-panda-lotus,nipah-glycoprotein-g
dark-ox-snow,egfr
vast-zebra-lotus,human-serum-albumin
scarlet-seal-pearl,egfr
rapid-yak-crystal,nipah-glycoprotein-g
lunar-lion-pine,egfr
lunar-otter-lava,egfr
radiant-otter-marble,egfr
quick-jaguar-birch,nipah-glycoprotein-g
ivory-raven-crystal,egfr
silver-cobra-marble,nipah-glycoprotein-g
rapid-ox-reed,pd-l1
soft-cobra-cypress,nipah-glycoprotein-g
strong-cat-orchid,nipah-glycoprotein-g
noble-hawk-ice,pd-l1
steady-cobra-lotus,egfr
solid-eagle-ash,egfr
pale-panther-ice,nipah-glycoprotein-g
crimson-orca-marble,nipah-glycoprotein-g
steady-otter-oak,egfr
soft-bee-leaf,egfr
swift-panda-snow,il7r
quiet-cat-ivy,human-serum-albumin
pale-mole-snow,nipah-glycoprotein-g
small-mole-lava,human-pmvk
small-quail-opal,pd-l1
silver-cat-lotus,der21
silver-swan-oak,human-tnfa
steady-dove-opal,egfr
lunar-ant-orchid,nipah-glycoprotein-g
green-mole-clay,nipah-glycoprotein-g
green-dove-bronze,egfr
lunar-seal-orchid,nipah-glycoprotein-g
shy-bear-vine,egfr
strong-hawk-bronze,pd-l1
radiant-gecko-cedar,nipah-glycoprotein-g
wild-yak-plume,nipah-glycoprotein-g
bright-deer-pine,human-rfk
scarlet-ram-clay,egfr
bright-otter-reed,pd-l1
rapid-dove-orchid,egfr
quick-ibis-topaz,egfr
soft-fox-ruby,nipah-glycoprotein-g
young-bat-lava,nipah-glycoprotein-g
steady-mole-flint,nipah-glycoprotein-g
strong-dove-rose,nipah-glycoprotein-g
strong-falcon-ice,human-serum-albumin
violet-shark-birch,egfr
bright-seal-ash,nipah-glycoprotein-g
radiant-deer-wave,nipah-glycoprotein-g
quick-zebra-stone,egfr
rapid-crow-orchid,nipah-glycoprotein-g
soft-moth-willow,egfr
silent-crow-ice,egfr
shy-cobra-sand,nipah-glycoprotein-g
radiant-boar-frost,nipah-glycoprotein-g
dark-falcon-wave,egfr
hollow-seal-moss,egfr
hollow-bat-snow,nipah-glycoprotein-g
radiant-crow-cypress,nipah-glycoprotein-g
small-dove-birch,human-ambp
misty-zebra-cypress,pd-l1
hollow-toad-cedar,nipah-glycoprotein-g
silent-cat-rose,human-orm2
silver-gecko-cypress,human-idi2
crimson-deer-cypress,nipah-glycoprotein-g
misty-bee-stone,nipah-glycoprotein-g
steady-mole-quartz,nipah-glycoprotein-g
gentle-bison-marble,human-serum-albumin
deep-deer-granite,egfr
solid-hawk-quartz,nipah-glycoprotein-g
amber-orca-ruby,egfr
scarlet-heron-quartz,ifnar2
shy-toad-maple,nipah-glycoprotein-g
deep-ant-dust,hnmt
rough-otter-wave,nipah-glycoprotein-g
quiet-lion-moss,nipah-glycoprotein-g
radiant-seal-opal,nipah-glycoprotein-g
calm-ram-sand,nipah-glycoprotein-g
strong-bison-dust,egfr
wild-dove-rose,nipah-glycoprotein-g
radiant-bee-willow,pd-l1
violet-bison-cedar,egfr
misty-orca-cedar,nipah-glycoprotein-g
golden-hawk-reed,nipah-glycoprotein-g
solid-ox-plume,human-rfk
azure-swan-lava,human-insulin-receptor
quiet-owl-ash,egfr
frozen-orca-oak,il7r
small-quail-dust,nipah-glycoprotein-g
golden-quail-crystal,human-serum-albumin
quiet-jaguar-quartz,nipah-glycoprotein-g
steady-zebra-lava,egfr
strong-hawk-granite,nipah-glycoprotein-g
calm-toad-leaf,egfr
dark-jaguar-ember,nipah-glycoprotein-g
radiant-fox-marble,nipah-glycoprotein-g
small-otter-oak,nipah-glycoprotein-g
shy-heron-ice,ifnar2
mellow-cat-ash,egfr
silent-quail-dust,egfr
frozen-gecko-leaf,nipah-glycoprotein-g
shy-cat-leaf,nipah-glycoprotein-g
frozen-bear-flint,nipah-glycoprotein-g
quiet-wolf-maple,egfr
green-raven-quartz,human-serum-albumin
steady-crow-vine,nipah-glycoprotein-g
mellow-panther-ember,egfr
frozen-crow-cedar,nipah-glycoprotein-g
golden-bison-reed,nipah-glycoprotein-g
rapid-quail-moss,human-pmvk
pale-swan-jade,nipah-glycoprotein-g
quick-hawk-opal,egfr
wild-wolf-moss,human-pmvk
soft-ram-jade,egfr
noble-gecko-birch,egfr
shy-lynx-jade,nipah-glycoprotein-g
crimson-kiwi-plume,egfr
quiet-bee-cedar,nipah-glycoprotein-g
gentle-owl-marble,egfr
frozen-crane-cypress,nipah-glycoprotein-g
radiant-bear-leaf,human-serum-albumin
golden-bison-reed,human-serum-albumin
quiet-otter-ice,egfr
silent-ibis-reed,egfr
dark-wolf-quartz,nipah-glycoprotein-g
crimson-heron-moss,nipah-glycoprotein-g
mellow-cat-ice,nipah-glycoprotein-g
azure-fox-flint,nipah-glycoprotein-g
deep-heron-rose,nipah-glycoprotein-g
calm-bear-cloud,nipah-glycoprotein-g
mellow-swan-wave,hnmt
soft-gecko-lotus,human-mzb1-perp1
wild-ibis-granite,nipah-glycoprotein-g
dark-bear-frost,human-serum-albumin
young-orca-topaz,human-mzb1-perp1
pale-orca-jade,egfr
swift-fox-ice,egfr
ivory-mole-wave,pd-l1
silver-heron-granite,nipah-glycoprotein-g
lunar-bee-birch,human-insulin-receptor
rough-jaguar-clay,egfr
vast-raven-jade,human-orm2
scarlet-jaguar-snow,nipah-glycoprotein-g
violet-boar-stone,nipah-glycoprotein-g
misty-vole-dust,nipah-glycoprotein-g
scarlet-boar-ember,human-tnfa
dark-dove-vine,egfr
rough-otter-sand,nipah-glycoprotein-g
green-zebra-clay,egfr
shy-raven-bronze,human-rfk
vast-bear-marble,egfr
brisk-swan-frost,egfr
silent-dove-quartz,human-orm2
violet-raven-iron,egfr
silver-falcon-ruby,egfr
lunar-lynx-rose,nipah-glycoprotein-g
brisk-dove-orchid,egfr
scarlet-eagle-thorn,egfr
rough-fox-moss,nipah-glycoprotein-g
steady-wolf-stone,egfr
pale-cat-plume,nipah-glycoprotein-g
strong-lion-stone,fcrn
wild-swan-ruby,nipah-glycoprotein-g
soft-vole-granite,egfr
rapid-seal-ember,human-ambp
ivory-ant-lava,egfr
vast-mole-thorn,nipah-glycoprotein-g
scarlet-ibis-clay,egfr
crimson-cat-frost,egfr
bright-lynx-plume,egfr
dark-raven-orchid,egfr
quick-falcon-stone,il7r
rapid-cobra-moss,nipah-glycoprotein-g
mellow-eagle-wave,egfr
swift-quail-topaz,human-insulin-receptor
amber-panda-ash,egfr
green-bear-leaf,il7r
brisk-seal-snow,nipah-glycoprotein-g
noble-deer-stone,nipah-glycoprotein-g
jade-lynx-jade,nipah-glycoprotein-g
soft-kiwi-orchid,human-ambp
green-goat-willow,egfr
bright-swan-oak,nipah-glycoprotein-g
frozen-moth-granite,nipah-glycoprotein-g
brisk-ant-fern,spcas9
strong-tiger-flint,pd-l1
green-lion-fern,nipah-glycoprotein-g
green-lynx-leaf,nipah-glycoprotein-g
misty-bat-cypress,egfr
ivory-falcon-rose,nipah-glycoprotein-g
rough-mole-cloud,human-gm2a
misty-dove-jade,nipah-glycoprotein-g
golden-owl-fern,nipah-glycoprotein-g
deep-vole-bronze,egfr
solid-ox-ruby,il7r
solid-heron-willow,egfr
silent-zebra-thorn,nipah-glycoprotein-g
rough-panda-lava,egfr
radiant-hawk-thorn,egfr
ivory-goat-moss,nipah-glycoprotein-g
calm-panther-topaz,human-pmvk
swift-dove-wave,nipah-glycoprotein-g
lunar-heron-ivy,egfr
swift-zebra-ivy,human-pmvk
steady-owl-flint,human-ambp
lunar-zebra-ember,egfr
bright-bat-bronze,nipah-glycoprotein-g
misty-raven-cloud,egfr
amber-panda-ice,egfr
brisk-jaguar-cedar,nipah-glycoprotein-g
dark-raven-plume,human-ambp
solid-eagle-sand,human-tnfa
radiant-dove-thorn,nipah-glycoprotein-g
amber-eagle-flint,egfr
frozen-bear-opal,nipah-glycoprotein-g
golden-lion-ice,nipah-glycoprotein-g
brisk-bat-vine,human-pdgfr-beta
bright-cobra-leaf,fgf-r1
golden-fox-marble,nipah-glycoprotein-g
shy-fox-marble,nipah-glycoprotein-g
strong-panther-bronze,nipah-glycoprotein-g
scarlet-mole-dust,egfr
silent-tiger-granite,il7r
steady-quail-opal,egfr
silver-falcon-sand,nipah-glycoprotein-g
bright-moth-stone,human-serum-albumin
quick-eagle-clay,human-tnfa
scarlet-ram-moss,egfr
noble-tiger-flint,human-ambp
shy-deer-granite,fcrn
vast-orca-moss,egfr
green-boar-sand,nipah-glycoprotein-g
soft-otter-snow,human-rfk
vast-swan-snow,egfr
quiet-bear-dust,egfr
crimson-swan-rose,nipah-glycoprotein-g
jade-cobra-ruby,human-idi2
dark-panther-onyx,human-rfk
swift-seal-snow,egfr
rapid-lynx-bronze,nipah-glycoprotein-g
strong-deer-flint,spcas9
noble-crow-ash,egfr
gentle-fox-rose,egfr
swift-jaguar-clay,human-serum-albumin
calm-ibis-wave,egfr
radiant-mole-sand,egfr
mellow-yak-cypress,nipah-glycoprotein-g
deep-seal-rose,nipah-glycoprotein-g
misty-zebra-ruby,nipah-glycoprotein-g
shy-quail-oak,egfr
deep-panda-sand,nipah-glycoprotein-g
quiet-tiger-ice,human-rfk
dark-toad-maple,egfr
lunar-bear-dust,egfr
jade-vole-oak,egfr
azure-panda-bronze,nipah-glycoprotein-g
shy-mole-iron,human-tnfa
rough-jaguar-fern,nipah-glycoprotein-g
deep-raven-topaz,nipah-glycoprotein-g
scarlet-lynx-cedar,egfr
deep-lion-thorn,nipah-glycoprotein-g
ivory-mole-rose,egfr
noble-boar-ember,egfr
dark-ibis-vine,nipah-glycoprotein-g
rapid-jaguar-crystal,egfr
soft-bee-oak,hnmt
rapid-tiger-rose,human-rfk
wild-ram-vine,il7r
small-falcon-quartz,der21
mellow-falcon-ivy,pd-l1
pale-tiger-plume,egfr
azure-shark-frost,egfr
quiet-lynx-cloud,nipah-glycoprotein-g
strong-dove-cedar,nipah-glycoprotein-g
strong-panther-jade,egfr
lunar-cobra-granite,human-tnfa
mellow-moth-ivy,egfr
dark-fox-ember,nipah-glycoprotein-g
misty-deer-ash,egfr
soft-panda-snow,human-serum-albumin
green-crane-marble,human-insulin-receptor
scarlet-bison-pearl,nipah-glycoprotein-g
noble-zebra-lava,nipah-glycoprotein-g
deep-heron-rose,human-serum-albumin
frozen-bison-pearl,fcrn
wild-bear-maple,nipah-glycoprotein-g
dark-boar-ice,nipah-glycoprotein-g
bright-seal-ice,nipah-glycoprotein-g
rapid-owl-lava,nipah-glycoprotein-g
silver-goat-ember,egfr
silver-bison-topaz,human-tnfa
radiant-zebra-iron,nipah-glycoprotein-g
dark-yak-snow,nipah-glycoprotein-g
crimson-ant-bronze,egfr
lunar-bison-ember,nipah-glycoprotein-g
vast-bison-leaf,nipah-glycoprotein-g
soft-hawk-ash,egfr
steady-dove-granite,egfr
silent-ibis-onyx,il7r
mellow-ram-fern,egfr
ivory-falcon-quartz,nipah-glycoprotein-g
shy-cobra-leaf,egfr
shy-goat-cypress,nipah-glycoprotein-g
lunar-wolf-quartz,il7r
violet-quail-cloud,nipah-glycoprotein-g
mellow-fox-vine,nipah-glycoprotein-g
noble-otter-moss,nipah-glycoprotein-g
brisk-yak-opal,il7r
wild-ram-ivy,nipah-glycoprotein-g
violet-yak-maple,nipah-glycoprotein-g
pale-fox-cedar,egfr
dark-zebra-crystal,nipah-glycoprotein-g
amber-cobra-sand,human-tnfa
scarlet-lion-vine,nipah-glycoprotein-g
silver-bear-ice,nipah-glycoprotein-g
vast-shark-cloud,hnmt
quick-yak-leaf,nipah-glycoprotein-g
hollow-zebra-marble,egfr
young-kiwi-quartz,human-idi2
wild-mole-iron,nipah-glycoprotein-g
small-panther-sand,hnmt
soft-goat-oak,il7r
strong-bat-cypress,nipah-glycoprotein-g
noble-boar-lava,human-tnfa
amber-swan-leaf,nipah-glycoprotein-g
ivory-falcon-sand,egfr
young-panther-cypress,egfr
shy-cat-topaz,egfr
brisk-heron-thorn,nipah-glycoprotein-g
small-orca-plume,human-serum-albumin
gentle-raven-rose,nipah-glycoprotein-g
green-seal-cloud,nipah-glycoprotein-g
scarlet-deer-cypress,egfr
silver-seal-clay,human-ambp
misty-cat-stone,il7r
shy-ibis-stone,nipah-glycoprotein-g
scarlet-crane-thorn,egfr
strong-ram-ivy,nipah-glycoprotein-g
misty-kiwi-thorn,mdm2
bright-ibis-reed,human-phyh
young-kiwi-dust,hnmt
crimson-toad-onyx,egfr
violet-ram-dust,egfr
violet-eagle-ruby,nipah-glycoprotein-g
pale-falcon-cypress,il7r
golden-kiwi-jade,egfr
wild-yak-ice,nipah-glycoprotein-g
swift-otter-clay,human-gm2a
silver-raven-moss,human-serum-albumin
soft-goat-cypress,fcrn
wild-crane-rose,il7r
quick-deer-birch,nipah-glycoprotein-g
radiant-seal-bronze,nipah-glycoprotein-g
young-zebra-quartz,egfr
ivory-moth-willow,human-tnfa
quick-crane-cedar,egfr
solid-panther-pearl,egfr
dark-eagle-maple,spcas9
deep-owl-opal,egfr
soft-lynx-oak,human-serum-albumin
lunar-heron-dust,egfr
gentle-owl-snow,human-rfk
swift-ram-sand,human-orm2
strong-cat-oak,egfr
young-tiger-maple,nipah-glycoprotein-g
bright-gecko-leaf,egfr
small-shark-vine,human-pmvk
golden-panda-cloud,egfr
rough-panda-jade,nipah-glycoprotein-g
amber-lion-clay,pd-l1
radiant-panda-birch,egfr
crimson-deer-leaf,egfr
noble-deer-willow,human-serum-albumin
vast-bear-iron,egfr
solid-toad-stone,nipah-glycoprotein-g
lunar-lion-snow,egfr
shy-bee-oak,egfr
brisk-gecko-fern,nipah-glycoprotein-g
gentle-hawk-wave,nipah-glycoprotein-g
scarlet-raven-ash,egfr
bright-shark-stone,der21
silver-boar-jade,egfr
silent-fox-willow,egfr
gentle-bear-ivy,human-orm2
solid-mole-onyx,egfr
swift-raven-orchid,human-idi2
soft-panda-leaf,nipah-glycoprotein-g
quiet-dove-sand,nipah-glycoprotein-g
ivory-owl-birch,egfr
silent-seal-vine,egfr
green-zebra-quartz,nipah-glycoprotein-g
wild-goat-onyx,human-gm2a
wild-crow-bronze,human-orm2
silver-bee-leaf,nipah-glycoprotein-g
gentle-deer-jade,il7r
lunar-goat-granite,nipah-glycoprotein-g
steady-owl-willow,spcas9
small-wolf-pine,nipah-glycoprotein-g
hollow-bear-marble,egfr
quiet-cat-wave,egfr
young-ram-rose,human-serum-albumin
dark-cat-cypress,mdm2
crimson-mole-cypress,egfr
calm-boar-plume,human-gm2a
bright-otter-reed,il7r
green-raven-jade,nipah-glycoprotein-g
green-ox-marble,human-orm2
quick-eagle-leaf,egfr
hollow-ox-topaz,fgf-r1
misty-crane-orchid,egfr
rapid-cat-granite,spcas9
young-goat-orchid,human-insulin-receptor
lunar-cobra-ash,egfr
frozen-heron-rose,egfr
swift-crane-ember,human-serum-albumin
crimson-hawk-cedar,nipah-glycoprotein-g
golden-lion-flint,egfr
brisk-bee-moss,nipah-glycoprotein-g
brisk-vole-quartz,egfr
rapid-panther-quartz,egfr
silver-cat-rose,egfr
quiet-mole-rose,egfr
hollow-kiwi-birch,ifnar2
jade-mole-pearl,egfr
quick-bear-birch,egfr
lunar-ox-ruby,fcrn
golden-boar-flint,egfr
radiant-bear-marble,nipah-glycoprotein-g
swift-shark-ruby,egfr
green-boar-bronze,egfr
strong-mole-cypress,nipah-glycoprotein-g
soft-wolf-dust,hnmt
vast-swan-ice,egfr
brisk-seal-ruby,nipah-glycoprotein-g
steady-jaguar-ivy,egfr
scarlet-bee-rose,nipah-glycoprotein-g
rapid-crane-jade,pd-l1
wild-yak-marble,nipah-glycoprotein-g
green-bear-sand,nipah-glycoprotein-g
small-otter-ice,der7
jade-jaguar-bronze,nipah-glycoprotein-g
jade-ox-rose,nipah-glycoprotein-g
calm-boar-vine,nipah-glycoprotein-g
steady-seal-snow,human-rfk
swift-dove-pine,fcrn
bright-yak-crystal,nipah-glycoprotein-g
pale-orca-oak,nipah-glycoprotein-g
hollow-wolf-moss,ifnar2
solid-hawk-willow,egfr
mellow-fox-stone,egfr
amber-boar-snow,egfr
jade-swan-reed,egfr
crimson-mole-lava,ifnar2
lunar-bear-leaf,egfr
swift-quail-cedar,nipah-glycoprotein-g
shy-shark-cypress,egfr
rough-goat-stone,egfr
lunar-panther-onyx,egfr
deep-crow-ivy,nipah-glycoprotein-g
quick-orca-orchid,pd-l1
radiant-owl-clay,egfr
shy-orca-sand,il7r
violet-zebra-pearl,egfr
hollow-moth-frost,human-serum-albumin
lunar-gecko-opal,fgf-r1
gentle-crane-snow,nipah-glycoprotein-g
soft-shark-clay,nipah-glycoprotein-g
golden-swan-cypress,egfr
rough-boar-cloud,egfr
vast-mole-flint,egfr
rapid-crane-snow,human-rfk
golden-fox-topaz,egfr
violet-shark-granite,egfr
soft-quail-ember,il7r
gentle-quail-lava,nipah-glycoprotein-g
pale-owl-moss,nipah-glycoprotein-g
gentle-yak-pine,der7
shy-shark-dust,pd-l1
brisk-panda-opal,egfr
vast-cobra-bronze,nipah-glycoprotein-g
hollow-ant-topaz,egfr
scarlet-raven-maple,human-serum-albumin
brisk-fox-dust,egfr
amber-heron-pine,nipah-glycoprotein-g
mellow-bison-birch,egfr
mellow-raven-clay,human-tnfa
wild-moth-reed,nipah-glycoprotein-g
steady-kiwi-marble,nipah-glycoprotein-g
shy-orca-wave,nipah-glycoprotein-g
swift-toad-onyx,human-ambp
gentle-lion-cedar,nipah-glycoprotein-g
crimson-boar-leaf,hnmt
quiet-cat-ivy,nipah-glycoprotein-g
calm-bat-opal,nipah-glycoprotein-g
solid-toad-orchid,human-gm2a
silent-goat-flint,egfr
pale-owl-lava,nipah-glycoprotein-g
swift-crane-jade,nipah-glycoprotein-g
frozen-yak-granite,human-serum-albumin
pale-ibis-pine,egfr
quick-zebra-ivy,egfr
rapid-goat-pine,nipah-glycoprotein-g
golden-crane-crystal,human-rfk
hollow-vole-orchid,nipah-glycoprotein-g
crimson-seal-frost,egfr
dark-gecko-cedar,egfr
crimson-falcon-orchid,nipah-glycoprotein-g
hollow-shark-ash,nipah-glycoprotein-g
crimson-ram-dust,human-serum-albumin
gentle-cobra-ice,fgf-r1
wild-crane-cedar,egfr
rapid-cat-ice,nipah-glycoprotein-g
amber-orca-onyx,egfr
quick-fox-thorn,human-serum-albumin
rough-jaguar-birch,nipah-glycoprotein-g
silent-toad-ash,nipah-glycoprotein-g
amber-crane-cypress,egfr
deep-toad-ivy,fcrn
crimson-lynx-ice,human-serum-albumin
violet-crane-marble,nipah-glycoprotein-g
azure-wolf-maple,human-serum-albumin
gentle-panther-vine,human-insulin-receptor
young-quail-leaf,egfr
rapid-kiwi-flint,il7r
solid-lynx-quartz,nipah-glycoprotein-g
amber-moth-snow,nipah-glycoprotein-g
small-bat-iron,nipah-glycoprotein-g
small-kiwi-sand,nipah-glycoprotein-g
gentle-quail-pine,nipah-glycoprotein-g
dark-hawk-cypress,human-gm2a
soft-owl-wave,nipah-glycoprotein-g
amber-gecko-granite,human-phyh
vast-swan-moss,fcrn
ivory-quail-onyx,nipah-glycoprotein-g
steady-otter-frost,human-pdgfr-beta
rough-cobra-rose,hnmt
amber-raven-snow,human-tnfa
noble-crow-quartz,il7r
shy-quail-birch,nipah-glycoprotein-g
deep-hawk-snow,human-insulin-receptor
steady-deer-cypress,hnmt
steady-tiger-orchid,nipah-glycoprotein-g
soft-hawk-fern,nipah-glycoprotein-g
silent-panther-ruby,nipah-glycoprotein-g
shy-mole-ivy,egfr
steady-heron-bronze,egfr
rapid-bison-topaz,human-idi2
amber-bat-vine,nipah-glycoprotein-g
shy-panda-lotus,human-serum-albumin
strong-swan-lava,egfr
lunar-eagle-leaf,nipah-glycoprotein-g
scarlet-jaguar-moss,egfr
calm-shark-granite,human-serum-albumin
shy-moth-ice,nipah-glycoprotein-g
misty-lynx-cypress,egfr
hollow-bison-onyx,nipah-glycoprotein-g
shy-fox-willow,human-mzb1-perp1
bright-swan-orchid,egfr
bright-hawk-flint,human-idi2
noble-panda-granite,pd-l1
swift-crow-orchid,egfr
rapid-gecko-ice,nipah-glycoprotein-g
azure-deer-ruby,nipah-glycoprotein-g
noble-mole-oak,il7r
small-vole-bronze,egfr
brisk-eagle-fern,egfr
swift-bear-cloud,nipah-glycoprotein-g
amber-tiger-dust,nipah-glycoprotein-g
quiet-crow-snow,nipah-glycoprotein-g
mellow-falcon-sand,human-rfk
brisk-jaguar-sand,nipah-glycoprotein-g
silver-shark-jade,pd-l1
shy-ox-thorn,egfr
quick-mole-birch,egfr
swift-gecko-granite,egfr
bright-bear-leaf,egfr
young-ant-marble,nipah-glycoprotein-g
scarlet-otter-flint,egfr
green-heron-bronze,nipah-glycoprotein-g
swift-dove-crystal,human-ambp
mellow-zebra-orchid,nipah-glycoprotein-g
scarlet-deer-opal,egfr
vast-seal-plume,egfr
noble-vole-lotus,egfr
hollow-mole-wave,nipah-glycoprotein-g
calm-vole-fern,il7r
dark-bat-orchid,il7r
golden-tiger-birch,nipah-glycoprotein-g
lunar-fox-opal,nipah-glycoprotein-g
rapid-eagle-ivy,egfr
shy-heron-wave,human-mzb1-perp1
soft-ibis-vine,nipah-glycoprotein-g
shy-swan-ember,nipah-glycoprotein-g
quick-dove-snow,human-pmvk
young-toad-ice,nipah-glycoprotein-g
gentle-ant-lotus,egfr
pale-panda-lava,nipah-glycoprotein-g
silver-crow-birch,egfr
solid-bee-moss,egfr
hollow-mole-cedar,nipah-glycoprotein-g
swift-ox-wave,human-insulin-receptor
golden-bison-orchid,egfr
violet-vole-maple,pd-l1
green-raven-jade,human-serum-albumin
calm-panda-fern,human-serum-albumin
ivory-shark-crystal,nipah-glycoprotein-g
ivory-toad-granite,il7r
deep-swan-vine,nipah-glycoprotein-g
quiet-bat-quartz,egfr
strong-kiwi-wave,nipah-glycoprotein-g
quiet-gecko-cloud,nipah-glycoprotein-g
hollow-falcon-pearl,human-ambp
steady-dove-sand,egfr
jade-deer-cedar,egfr
shy-ant-dust,nipah-glycoprotein-g
wild-yak-marble,human-serum-albumin
wild-falcon-iron,egfr
mellow-toad-ruby,nipah-glycoprotein-g
misty-otter-pine,egfr
azure-gecko-cypress,egfr
crimson-boar-moss,nipah-glycoprotein-g
strong-bison-maple,egfr
deep-orca-granite,nipah-glycoprotein-g
noble-crow-lotus,human-orm2
dark-boar-ice,human-serum-albumin
silent-zebra-rose,pd-l1
strong-crane-bronze,nipah-glycoprotein-g
soft-lynx-oak,nipah-glycoprotein-g
vast-kiwi-crystal,egfr
pale-lynx-fern,nipah-glycoprotein-g
solid-ram-rose,egfr
strong-tiger-thorn,nipah-glycoprotein-g
dark-eagle-flint,egfr
brisk-kiwi-vine,egfr
ivory-deer-jade,nipah-glycoprotein-g
swift-panther-ice,egfr
quick-cat-iron,nipah-glycoprotein-g
vast-swan-oak,human-tnfa
green-cat-clay,nipah-glycoprotein-g
quick-ram-maple,egfr
steady-panda-jade,human-tnfa
bright-hawk-thorn,egfr
jade-lion-iron,egfr
silent-bee-reed,egfr
shy-otter-jade,human-serum-albumin
green-deer-ivy,human-pmvk
quiet-tiger-vine,nipah-glycoprotein-g
quick-ibis-frost,nipah-glycoprotein-g
calm-cobra-maple,egfr
crimson-panda-flint,il7r
scarlet-swan-maple,egfr
noble-toad-bronze,nipah-glycoprotein-g
calm-bear-orchid,nipah-glycoprotein-g
crimson-owl-cedar,nipah-glycoprotein-g
lunar-kiwi-marble,nipah-glycoprotein-g
azure-mole-opal,egfr
rough-shark-moss,human-gm2a
quiet-shark-ash,nipah-glycoprotein-g
amber-bee-plume,nipah-glycoprotein-g
violet-swan-sand,nipah-glycoprotein-g
lunar-goat-onyx,il7r
radiant-bear-leaf,nipah-glycoprotein-g
calm-falcon-opal,egfr
lunar-cat-iron,mdm2
shy-moth-topaz,nipah-glycoprotein-g
young-orca-cypress,nipah-glycoprotein-g
silver-quail-snow,nipah-glycoprotein-g
dark-swan-pine,nipah-glycoprotein-g
pale-panda-fern,mdm2
misty-cobra-opal,egfr
rapid-shark-dust,mdm2
scarlet-crane-moss,egfr
calm-panda-pine,egfr
misty-ibis-bronze,egfr
violet-seal-onyx,egfr
mellow-ram-reed,egfr
frozen-eagle-pearl,human-tnfa
green-heron-frost,egfr
green-panda-granite,nipah-glycoprotein-g
ivory-crane-reed,mdm2
deep-hawk-wave,egfr
calm-ox-clay,human-tnfa
quiet-mole-onyx,nipah-glycoprotein-g
vast-ibis-cypress,human-serum-albumin
solid-gecko-willow,nipah-glycoprotein-g
quiet-goat-cedar,egfr
misty-raven-ice,egfr
steady-yak-dust,nipah-glycoprotein-g
violet-moth-crystal,il7r
frozen-jaguar-ivy,egfr
swift-otter-reed,nipah-glycoprotein-g
golden-ox-vine,human-serum-albumin
strong-gecko-reed,nipah-glycoprotein-g
crimson-toad-reed,nipah-glycoprotein-g
quiet-panda-willow,nipah-glycoprotein-g
wild-goat-rose,egfr
brisk-shark-clay,pd-l1
young-falcon-ruby,nipah-glycoprotein-g
hollow-gecko-pine,egfr
brisk-hawk-oak,nipah-glycoprotein-g
young-gecko-topaz,nipah-glycoprotein-g
quick-goat-willow,nipah-glycoprotein-g
deep-yak-rose,egfr
scarlet-orca-granite,egfr
green-orca-topaz,nipah-glycoprotein-g
vast-otter-lava,nipah-glycoprotein-g
frozen-raven-topaz,nipah-glycoprotein-g
jade-falcon-pine,nipah-glycoprotein-g
rapid-ox-rose,nipah-glycoprotein-g
violet-moth-wave,egfr
ivory-bee-fern,mdm2
lunar-mole-reed,egfr
deep-orca-opal,der7
amber-tiger-crystal,der7
quick-ram-quartz,nipah-glycoprotein-g
green-lion-cypress,human-idi2
jade-tiger-opal,egfr
violet-heron-dust,human-gm2a
golden-seal-thorn,nipah-glycoprotein-g
noble-gecko-marble,nipah-glycoprotein-g
swift-zebra-pearl,egfr
radiant-goat-ivy,nipah-glycoprotein-g
solid-quail-wave,egfr
violet-deer-ruby,egfr
dark-jaguar-rose,nipah-glycoprotein-g
strong-lion-snow,egfr
scarlet-vole-flint,nipah-glycoprotein-g
shy-seal-oak,nipah-glycoprotein-g
small-hawk-birch,nipah-glycoprotein-g
crimson-toad-orchid,nipah-glycoprotein-g
bright-cobra-willow,egfr
small-quail-fern,egfr
quick-moth-plume,egfr
jade-tiger-orchid,egfr
hollow-swan-plume,egfr
pale-ibis-plume,human-orm2
violet-toad-snow,hnmt
calm-owl-orchid,human-rfk
hollow-zebra-snow,der21
solid-panda-birch,human-idi2
jade-boar-crystal,human-ambp
